CXD-ROUTER-V1.0.0.csv,,,,,,,,,,,,,,,
,,,,,, ,,,,,,,,,
,,,,,,,,,,,,,,,
Uploaded data,,,,,,,,,,,,,,,
LCSC#,Mrf#,Description,Package,Value,Quantity,Mfr.,Order Qty.,Unit Price(USD),Ext.Price(USD),Package,Min,Mult,SPQ,Description,Product Link
C49062,CL03A104KP3NNNC,100nF X5R 10V 0201,CL03A104KP3NNNC,,46,Samsung Electro-Mechanics,100,0.0047,0.47,0201,100,100,10000,100nF ±10% 10V Ceramic Capacitor X5R 0201,https://www.lcsc.com/product-detail/C49062.html
C59461,CL10A226MQ8NRNC,22uF X5R 6.3V 0603,CL10A226MQ8NRNC,,26,Samsung Electro-Mechanics,40,0.0313,1.25,0603,20,20,4000,22uF ±20% 6.3V Ceramic Capacitor X5R 0603,https://www.lcsc.com/product-detail/C59461.html
C190187,CC0201KRX5R5BB104,100nF 6.3V 0201,RC0201FR-0749R9L,,16,YAGEO,100,0.0040,0.40,0201,100,100,15000,100nF ±10% 6.3V Ceramic Capacitor X5R 0201,https://www.lcsc.com/product-detail/C190187.html
C541330,CC0201KRX5R5BB105,1uF 6.3V 0201,RC0201FR-0749R9L,,15,YAGEO,100,0.0071,0.71,0201,100,100,15000,1uF ±10% 6.3V Ceramic Capacitor X5R 0201,https://www.lcsc.com/product-detail/C541330.html
C315248,CL05A106MP5NUNC,10uF X5R 4V 0402_BGA,RC0402JR-070RL,,13,Samsung Electro-Mechanics,20,0.0516,1.03,0402,20,20,10000,10uF ±20% 10V Ceramic Capacitor X5R 0402,https://www.lcsc.com/product-detail/C315248.html
C3020456,GRM188R60J226KEA0D,22uF 0603 6.3V X5R,GRM188R60J226KEA0D,,12,muRata,20,0.0488,0.98,0603,20,20,4000,22uF ±10% 6.3V Ceramic Capacitor X5R 0603,https://www.lcsc.com/product-detail/C3020456.html
C307380,CL03A104KO3NNNC,100nF X5R 16V 0201,RC0201FR-0749R9L,,11,Samsung Electro-Mechanics,100,0.0062,0.62,0201,100,100,10000,100nF ±10% 16V Ceramic Capacitor X5R 0201,https://www.lcsc.com/product-detail/C307380.html
C318688,CL21A226KPCLRNC,22uF 10V 0805 10%,CL21A226KPCLRNC,,11,Samsung Electro-Mechanics,20,0.0823,1.65,0805,10,10,4000,22uF ±10% 10V Ceramic Capacitor X5R 0805,https://www.lcsc.com/product-detail/C318688.html
C190187,CC0201KRX5R5BB104,100nF 0201 6.3V,RC0201FR-0749R9L,,10,YAGEO,100,0.0040,0.40,0201,100,100,15000,100nF ±10% 6.3V Ceramic Capacitor X5R 0201,https://www.lcsc.com/product-detail/C190187.html
C105882,CC0402KRX5R9BB104,100nF 50V 0402,RC0402JR-070RL,,10,YAGEO,50,0.0155,0.78,0402,50,50,10000,100nF ±10% 50V Ceramic Capacitor X5R 0402,https://www.lcsc.com/product-detail/C105882.html
C14445,CL05A105KP5NNNC,1uF X5R 10V 0402,FRC0402F1693TS,,10,Samsung Electro-Mechanics,50,0.0128,0.64,0402,50,50,10000,1uF ±10% 10V Ceramic Capacitor X5R 0402,https://www.lcsc.com/product-detail/C14445.html
C19702,CL10A106KP8NNNC,10uF X5R 10V 0603,CL10A106KP8NNNC,,9,Samsung Electro-Mechanics,20,0.0391,0.78,0603,20,20,4000,10uF ±10% 10V Ceramic Capacitor X5R 0603,https://www.lcsc.com/product-detail/C19702.html
C107372,CL05A105KQ5NNNC,1uF X5R 6.3V 0201,CL05A105KQ5NNNC,,8,Samsung Electro-Mechanics,100,0.0076,0.76,0402,100,100,10000,1uF ±10% 6.3V Ceramic Capacitor X5R 0402,https://www.lcsc.com/product-detail/C107372.html
C49062,CL03A104KP3NNNC,100nF X5R 100V 0201,CL03A104KP3NNNC,,8,Samsung Electro-Mechanics,100,0.0047,0.47,0201,100,100,10000,100nF ±10% 10V Ceramic Capacitor X5R 0201,https://www.lcsc.com/product-detail/C49062.html
C3020456,GRM188R60J226KEA0D,22uF X5R 6.3V 0603,GRM188R60J226KEA0D,,8,muRata,20,0.0488,0.98,0603,20,20,4000,22uF ±10% 6.3V Ceramic Capacitor X5R 0603,https://www.lcsc.com/product-detail/C3020456.html
C440198,GRM21BR61H106KE43L,10uF 50V 0805,GRM21BR61H106KE43L,,8,muRata,10,0.3246,3.25,0805,5,5,3000,10uF ±10% 50V Ceramic Capacitor X5R 0805,https://www.lcsc.com/product-detail/C440198.html
C49062,CL03A104KP3NNNC,100nF 0201 10V X5R,CL03A104KP3NNNC,,7,Samsung Electro-Mechanics,100,0.0047,0.47,0201,100,100,10000,100nF ±10% 10V Ceramic Capacitor X5R 0201,https://www.lcsc.com/product-detail/C49062.html
C170151,CL05A225KO5NQNC,16V 2.2uF 0402,FRC0402F1693TS,,7,Samsung Electro-Mechanics,50,0.0291,1.46,0402,50,50,10000,2.2uF ±10% 16V Ceramic Capacitor X5R 0402,https://www.lcsc.com/product-detail/C170151.html
C161455,GRM033C80G105MEA2D,1uF 4V 0201,RC0201FR-0749R9L,,6,muRata,20,0.0279,0.56,0201,20,20,15000,1uF ±20% 4V Ceramic Capacitor X6S 0201,https://www.lcsc.com/product-detail/C161455.html
C541330,CC0201KRX5R5BB105,1uF X5R 6.3V 0201,RC0201FR-0749R9L,,6,YAGEO,100,0.0071,0.71,0201,100,100,15000,1uF ±10% 6.3V Ceramic Capacitor X5R 0201,https://www.lcsc.com/product-detail/C541330.html
C315248,CL05A106MP5NUNC,10V 10uF 0402,10uF_X5R_10V_0402,,5,Samsung Electro-Mechanics,20,0.0516,1.03,0402,20,20,10000,10uF ±20% 10V Ceramic Capacitor X5R 0402,https://www.lcsc.com/product-detail/C315248.html
C170151,CL05A225KO5NQNC,2.2uF X5R 6.3V 0402,FRC0402F1693TS,,5,Samsung Electro-Mechanics,50,0.0291,1.46,0402,50,50,10000,2.2uF ±10% 16V Ceramic Capacitor X5R 0402,https://www.lcsc.com/product-detail/C170151.html
C14445,CL05A105KP5NNNC,1uF X5R 6.3V 0402,FRC0402F1693TS,,5,Samsung Electro-Mechanics,50,0.0128,0.64,0402,50,50,10000,1uF ±10% 10V Ceramic Capacitor X5R 0402,https://www.lcsc.com/product-detail/C14445.html
C526941,CC0201JRX7R8BB102,1nF 25V X7R 0201,RC0201FR-0749R9L,,5,YAGEO,100,0.0052,0.52,0201,100,100,15000,1nF ±5% 25V Ceramic Capacitor X7R 0201,https://www.lcsc.com/product-detail/C526941.html
C368809,CL05A475KP5NRNC,4.7uF 10V 04024,RC0402JR-070RL,,4,Samsung Electro-Mechanics,50,0.0170,0.85,0402,50,50,10000,4.7uF ±10% 10V Ceramic Capacitor X5R 0402,https://www.lcsc.com/product-detail/C368809.html
C190187,CC0201KRX5R5BB104,100nF 0201 6.3V X5R,RC0201FR-0749R9L,,4,YAGEO,100,0.0040,0.40,0201,100,100,15000,100nF ±10% 6.3V Ceramic Capacitor X5R 0201,https://www.lcsc.com/product-detail/C190187.html
C3845593,GRM158R61A226ME15D,22uF X5R 10V,RC0402JR-070RL,,4,muRata,4,0.7950,3.18,0402,1,1,8000,22uF ±20% 10V Ceramic Capacitor X5R 0402,https://www.lcsc.com/product-detail/C3845593.html
C105882,CC0402KRX5R9BB104,100nF 0402 50V,RC0402JR-070RL,,4,YAGEO,50,0.0155,0.78,0402,50,50,10000,100nF ±10% 50V Ceramic Capacitor X5R 0402,https://www.lcsc.com/product-detail/C105882.html
C49062,CL03A104KP3NNNC,100nF 10V X5R ±10% 0201,CL03A104KP3NNNC,,4,Samsung Electro-Mechanics,100,0.0047,0.47,0201,100,100,10000,100nF ±10% 10V Ceramic Capacitor X5R 0201,https://www.lcsc.com/product-detail/C49062.html
C105882,CC0402KRX5R9BB104,100nF 0402,RC0402JR-070RL,,3,YAGEO,50,0.0155,0.78,0402,50,50,10000,100nF ±10% 50V Ceramic Capacitor X5R 0402,https://www.lcsc.com/product-detail/C105882.html
C124129,GRM21BR61A476ME15L,10V 47uF 0805,GRM21BR61A476ME15L,,3,muRata,5,0.5125,2.56,0805,5,5,3000,47uF ±20% 10V Ceramic Capacitor X5R 0805,https://www.lcsc.com/product-detail/C124129.html
C318688,CL21A226KPCLRNC,22uF 10V 0805 10% - DNP OPTIONAL,CL21A226KPCLRNC,,3,Samsung Electro-Mechanics,10,0.0823,0.82,0805,10,10,4000,22uF ±10% 10V Ceramic Capacitor X5R 0805,https://www.lcsc.com/product-detail/C318688.html
C487410,VKME1001K101MV,100uF 80V SMD,VKME1001K101MV,,3,Ymin,5,0.2976,1.49,"SMD,D10xL10mm",5,5,500,100uF ±20% 80V Aluminum Electrolytic Capacitors 10000hrs@105?,https://www.lcsc.com/product-detail/C487410.html
C14445,CL05A105KP5NNNC,10V 1uF 402,FRC0402F1693TS,,3,Samsung Electro-Mechanics,50,0.0128,0.64,0402,50,50,10000,1uF ±10% 10V Ceramic Capacitor X5R 0402,https://www.lcsc.com/product-detail/C14445.html
C19702,CL10A106KP8NNNC,10V 10uF 0603,CL10A106KP8NNNC,,3,Samsung Electro-Mechanics,20,0.0391,0.78,0603,20,20,4000,10uF ±10% 10V Ceramic Capacitor X5R 0603,https://www.lcsc.com/product-detail/C19702.html
C368809,CL05A475KP5NRNC,4.7uF X5R 10V 0402,RC0402JR-070RL,,2,Samsung Electro-Mechanics,50,0.0170,0.85,0402,50,50,10000,4.7uF ±10% 10V Ceramic Capacitor X5R 0402,https://www.lcsc.com/product-detail/C368809.html
C469468,CC0402MRX5R6BB475,10V 4.7uF 0402,FRC0402F1693TS,,2,YAGEO,50,0.0199,1.00,0402,50,50,10000,4.7uF ±20% 10V Ceramic Capacitor X5R 0402,https://www.lcsc.com/product-detail/C469468.html
C161455,GRM033C80G105MEA2D,1uF 0201 4V X5R,RC0201FR-0749R9L,,2,muRata,20,0.0279,0.56,0201,20,20,15000,1uF ±20% 4V Ceramic Capacitor X6S 0201,https://www.lcsc.com/product-detail/C161455.html
C541466,CC0402KRX5R5BB475,4.7uF 6.3V 0402_BGA,RC0402JR-070RL,,2,YAGEO,20,0.0407,0.81,0402,20,20,10000,4.7uF ±10% 6.3V Ceramic Capacitor X5R 0402,https://www.lcsc.com/product-detail/C541466.html
C541466,CC0402KRX5R5BB475,4.7uF X5R 6.3V 0402_BGA,RC0402JR-070RL,,2,YAGEO,20,0.0407,0.81,0402,20,20,10000,4.7uF ±10% 6.3V Ceramic Capacitor X5R 0402,https://www.lcsc.com/product-detail/C541466.html
C71693,GRM1555C1H221JA01D,220pF 0402 C0G 50V,RC0402JR-070RL,,2,muRata,100,0.0048,0.48,0402,100,100,10000,220pF ±5% 50V Ceramic Capacitor C0G 0402,https://www.lcsc.com/product-detail/C71693.html
C16780,CL21A476MQYNNNE,47uF X5R 6.3V 0805,CL21A476MQYNNNE,,2,Samsung Electro-Mechanics,10,0.1783,1.78,0805,10,10,2000,47uF ±20% 6.3V Ceramic Capacitor X5R 0805,https://www.lcsc.com/product-detail/C16780.html
C2941926,GCM1555C1H101FA16D,100pF C0G 40V 0402,FRC0402F1693TS,,2,muRata,50,0.0230,1.15,0402,50,50,10000,100pF ±1% 50V Ceramic Capacitor C0G 0402,https://www.lcsc.com/product-detail/C2941926.html
C526995,CC0402JRNPO8BN102,1nF 0402 C0G 25V,FRC0402F1693TS,,2,YAGEO,100,0.0119,1.19,0402,100,100,10000,1nF ±5% 25V Ceramic Capacitor NP0 0402,https://www.lcsc.com/product-detail/C526995.html
C190187,CC0201KRX5R5BB104,100nF 6.3V X5R 0201,RC0201FR-0749R9L,,2,YAGEO,100,0.0040,0.40,0201,100,100,15000,100nF ±10% 6.3V Ceramic Capacitor X5R 0201,https://www.lcsc.com/product-detail/C190187.html
C701263,GRM033R61E224KE01D,220nF 0201 10%,RC0201FR-0749R9L,,2,muRata,50,0.0144,0.72,0201,50,50,15000,220nF ±10% 25V Ceramic Capacitor X5R 0201,https://www.lcsc.com/product-detail/C701263.html
C14445,CL05A105KP5NNNC,10V 1uF 0402,FRC0402F1693TS,,2,Samsung Electro-Mechanics,50,0.0128,0.64,0402,50,50,10000,1uF ±10% 10V Ceramic Capacitor X5R 0402,https://www.lcsc.com/product-detail/C14445.html
C326662,CC0402FRNPO9BN120,12pF NP0 1% 0402,RC0402FR-071KL,,2,YAGEO,50,0.0125,0.63,0402,50,50,10000,12pF ±1% 50V Ceramic Capacitor NP0 0402,https://www.lcsc.com/product-detail/C326662.html
C281765,CC0402BRNPO9BN8R0,50V 8pF NP0 0402,RC0402FR-071KL,,2,YAGEO,100,0.0090,0.90,0402,100,100,10000,8pF 50V Ceramic Capacitor NP0 0402,https://www.lcsc.com/product-detail/C281765.html
C541330,CC0201KRX5R5BB105,1uF X5R 10% 0201,RC0201FR-0749R9L,,1,YAGEO,100,0.0071,0.71,0201,100,100,15000,1uF ±10% 6.3V Ceramic Capacitor X5R 0201,https://www.lcsc.com/product-detail/C541330.html
C307380,CL03A104KO3NNNC,100nF X5R 16V - DNP,RC0201FR-0749R9L,,1,Samsung Electro-Mechanics,100,0.0062,0.62,0201,100,100,10000,100nF ±10% 16V Ceramic Capacitor X5R 0201,https://www.lcsc.com/product-detail/C307380.html
C105882,CC0402KRX5R9BB104,100nF 50V  0402,RC0402JR-070RL,,1,YAGEO,50,0.0155,0.78,0402,50,50,10000,100nF ±10% 50V Ceramic Capacitor X5R 0402,https://www.lcsc.com/product-detail/C105882.html
C29936,CL10B105KA8NNNC,1uF 25V 6030,CL10B105KA8NNNC,,1,Samsung Electro-Mechanics,50,0.0225,1.13,0603,50,50,4000,1uF ±10% 25V Ceramic Capacitor X7R 0603,https://www.lcsc.com/product-detail/C29936.html
C161488,GRM033R71E222KA12D,2.2nF 25V 0201,RC0201FR-0747KL,,1,muRata,100,0.0064,0.64,0201,100,100,15000,2.2nF ±10% 25V Ceramic Capacitor X7R 0201,https://www.lcsc.com/product-detail/C161488.html
C315248,CL05A106MP5NUNC,10uF 4V 0402 20%,RC0402JR-070RL,,1,Samsung Electro-Mechanics,20,0.0516,1.03,0402,20,20,10000,10uF ±20% 10V Ceramic Capacitor X5R 0402,https://www.lcsc.com/product-detail/C315248.html
C541466,CC0402KRX5R5BB475,4.7uF 0402_BGA 6.3V X5R,RC0402JR-070RL,,1,YAGEO,20,0.0407,0.81,0402,20,20,10000,4.7uF ±10% 6.3V Ceramic Capacitor X5R 0402,https://www.lcsc.com/product-detail/C541466.html
C29936,CL10B105KA8NNNC,1uF 25V 0603,CL10B105KA8NNNC,,1,Samsung Electro-Mechanics,50,0.0225,1.13,0603,50,50,4000,1uF ±10% 25V Ceramic Capacitor X7R 0603,https://www.lcsc.com/product-detail/C29936.html
C883598,GRM31CR61A107MEA8L,100uF 10V 1206,GRM31CR61A107MEA8L,,1,muRata,1,0.5126,0.51,1206,1,1,2000,100uF ±20% 10V Ceramic Capacitor X5R 1206,https://www.lcsc.com/product-detail/C883598.html
C107372,CL05A105KQ5NNNC,1uF X5R 6.3V 0402,CL05A105KQ5NNNC,,1,Samsung Electro-Mechanics,100,0.0076,0.76,0402,100,100,10000,1uF ±10% 6.3V Ceramic Capacitor X5R 0402,https://www.lcsc.com/product-detail/C107372.html
C469468,CC0402MRX5R6BB475,4.7uF 0402 10V X5R,FRC0402F1693TS,,1,YAGEO,50,0.0199,1.00,0402,50,50,10000,4.7uF ±20% 10V Ceramic Capacitor X5R 0402,https://www.lcsc.com/product-detail/C469468.html
C15195,CL05B103KB5NNNC,10nF X7R 25V 0402,FRC0402F1693TS,,1,Samsung Electro-Mechanics,100,0.0054,0.54,0402,100,100,10000,10nF ±10% 50V Ceramic Capacitor X7R 0402,https://www.lcsc.com/product-detail/C15195.html
C307339,CL05B473KB5VPNC,47nF 0402,RC0402JR-070RL,,1,Samsung Electro-Mechanics,50,0.0142,0.71,0402,50,50,10000,47nF ±10% 50V Ceramic Capacitor X7R 0402,https://www.lcsc.com/product-detail/C307339.html
C106998,CC0402JRNPO9BN151,150pF 0402 50V,RC0402JR-070RL,,1,YAGEO,100,0.0047,0.47,0402,100,100,10000,150pF ±5% 50V Ceramic Capacitor NP0 0402,https://www.lcsc.com/product-detail/C106998.html
C76943,GRM033R71E102KA01D,1nF X5R 25V 0201,RC0201FR-07240RL,,1,muRata,100,0.0098,0.98,0201,100,100,15000,1nF ±10% 25V Ceramic Capacitor X7R 0201,https://www.lcsc.com/product-detail/C76943.html
C107028,CC0402KRX7R9BB332,3.3nF 50V X7R,RC0402FR-071KL,,1,YAGEO,100,0.0041,0.41,0402,100,100,10000,3.3nF ±10% 50V Ceramic Capacitor X7R 0402,https://www.lcsc.com/product-detail/C107028.html
C106208,CC0402KRX7R9BB472,4.7nF X7R 10% 0402,RC0402FR-071KL,,1,YAGEO,100,0.0033,0.33,0402,100,100,10000,4.7nF ±10% 50V Ceramic Capacitor X7R 0402,https://www.lcsc.com/product-detail/C106208.html
C2941926,GCM1555C1H101FA16D,100pF 50V C0G 0402,FRC0402F1693TS,,1,muRata,50,0.0230,1.15,0402,50,50,10000,100pF ±1% 50V Ceramic Capacitor C0G 0402,https://www.lcsc.com/product-detail/C2941926.html
C326662,CC0402FRNPO9BN120,12pF NP0 0402,RC0402FR-071KL,,1,YAGEO,50,0.0125,0.63,0402,50,50,10000,12pF ±1% 50V Ceramic Capacitor NP0 0402,https://www.lcsc.com/product-detail/C326662.html
C326662,CC0402FRNPO9BN120,DNP,RC0402FR-071KL,,1,YAGEO,50,0.0125,0.63,0402,50,50,10000,12pF ±1% 50V Ceramic Capacitor NP0 0402,https://www.lcsc.com/product-detail/C326662.html
C60485,RC0402JR-070RL,0R 0402,RC0402JR-070RL,,13,YAGEO,100,0.0049,0.49,0402,100,100,10000,0? 62.5mW 50V Thick Film Resistor ±5% 0402 Chip Resistor - Surface Mount RoHS,https://www.lcsc.com/product-detail/C60485.html
C60485,RC0402JR-070RL,0K 0402,RC0402JR-070RL,,7,YAGEO,100,0.0049,0.49,0402,100,100,10000,0? 62.5mW 50V Thick Film Resistor ±5% 0402 Chip Resistor - Surface Mount RoHS,https://www.lcsc.com/product-detail/C60485.html
C60491,RC0402FR-07100KL,100K 0402,RC0402FR-07100KL,,7,YAGEO,100,0.0062,0.62,0402,100,100,10000,100k? 62.5mW 50V Thick Film Resistor ±100ppm/? ±1% 0402 Chip Resistor - Surface Mount RoHS,https://www.lcsc.com/product-detail/C60491.html
C60490,RC0402FR-0710KL,10K 0402,RC0402FR-0710KL,,6,YAGEO,100,0.0059,0.59,0402,100,100,10000,62.5mW 10k? 50V Thick Film Resistor ±100ppm/? ±1% 0402 Chip Resistor - Surface Mount RoHS,https://www.lcsc.com/product-detail/C60490.html
C105871,RC0402FR-074K7L,4.7K 0402,RC0402FR-074K7L,,5,YAGEO,100,0.0048,0.48,0402,100,100,10000,4.7k? ±1% 62.5mW 0402 Thick Film Resistor,https://www.lcsc.com/product-detail/C105871.html
C155745,RC0201FR-07240RL,240R 0201 1%,RC0201FR-07240RL,,4,YAGEO,100,0.0023,0.23,0201,100,100,10000,50mW 240? 25V Thick Film Resistor ±1% ±200ppm/? 0201 Chip Resistor - Surface Mount RoHS,https://www.lcsc.com/product-detail/C155745.html
C106232,RC0402FR-07100RL,100R 0402,RC0402FR-07100RL,,4,YAGEO,100,0.0039,0.39,0402,100,100,10000,100? 62.5mW 50V Thick Film Resistor ±100ppm/? ±1% 0402 Chip Resistor - Surface Mount RoHS,https://www.lcsc.com/product-detail/C106232.html
C60491,RC0402FR-07100KL,100R 1% 0402,RC0402FR-07100KL,,4,YAGEO,100,0.0062,0.62,0402,100,100,10000,100k? 62.5mW 50V Thick Film Resistor ±100ppm/? ±1% 0402 Chip Resistor - Surface Mount RoHS,https://www.lcsc.com/product-detail/C60491.html
C60491,RC0402FR-07100KL,100K 0402 1%,RC0402FR-07100KL,,4,YAGEO,100,0.0062,0.62,0402,100,100,10000,100k? 62.5mW 50V Thick Film Resistor ±100ppm/? ±1% 0402 Chip Resistor - Surface Mount RoHS,https://www.lcsc.com/product-detail/C60491.html
C155744,RC0201FR-0749R9L,49.9R 1% 0201,RC0201FR-0749R9L,,4,YAGEO,100,0.0013,0.13,0201,100,100,10000,50mW 49.9? 25V Thick Film Resistor ±1% ±200ppm/? 0201 Chip Resistor - Surface Mount RoHS,https://www.lcsc.com/product-detail/C155744.html
C114762,RC0402FR-072K2L,2.2K 0402 1%,RC0402FR-072K2L,,4,YAGEO,100,0.0014,0.14,0402,100,100,10000,62.5mW 2.2k? 50V Thick Film Resistor ±100ppm/? ±1% 0402 Chip Resistor - Surface Mount RoHS,https://www.lcsc.com/product-detail/C114762.html
C60489,RC0402JR-0710KL,10K 5% 0201,RC0402JR-0710KL,,3,YAGEO,100,0.0037,0.37,0402,100,100,10000,62.5mW 10k? 50V Thick Film Resistor ±100ppm/? ±5% 0402 Chip Resistor - Surface Mount RoHS,https://www.lcsc.com/product-detail/C60489.html
C60489,RC0402JR-0710KL,10K 0402 5%,RC0402JR-0710KL,,3,YAGEO,100,0.0037,0.37,0402,100,100,10000,62.5mW 10k? 50V Thick Film Resistor ±100ppm/? ±5% 0402 Chip Resistor - Surface Mount RoHS,https://www.lcsc.com/product-detail/C60489.html
C60485,RC0402JR-070RL,DNP,RC0402JR-070RL,,3,YAGEO,100,0.0049,0.49,0402,100,100,10000,0? 62.5mW 50V Thick Film Resistor ±5% 0402 Chip Resistor - Surface Mount RoHS,https://www.lcsc.com/product-detail/C60485.html
C106234,RC0402JR-07100KL,100K 5% 0402,RC0402JR-07100KL,,2,YAGEO,100,0.0028,0.28,0402,100,100,10000,100k? ±5% 62.5mW 0402 Thick Film Resistor,https://www.lcsc.com/product-detail/C106234.html
C60491,RC0402FR-07100KL,100K 1% 0402,RC0402FR-07100KL,,2,YAGEO,100,0.0062,0.62,0402,100,100,10000,100k? 62.5mW 50V Thick Film Resistor ±100ppm/? ±1% 0402 Chip Resistor - Surface Mount RoHS,https://www.lcsc.com/product-detail/C60491.html
C93945,RC0402FR-07120KL,120K 1% 0402,RC0402FR-07120KL,,2,YAGEO,100,0.0055,0.55,0402,100,100,10000,62.5mW 120k? 50V Thick Film Resistor ±100ppm/? ±1% 0402 Chip Resistor - Surface Mount RoHS,https://www.lcsc.com/product-detail/C93945.html
C728556,RT0402BRD07200KL,200K 0402 0.1%,RT0402BRD07200KL,,2,YAGEO,50,0.0263,1.32,0402,50,50,10000,200k? 62.5mW 50V Thin Film Resistor ±25ppm/? ±0.1% 0402 Chip Resistor - Surface Mount RoHS,https://www.lcsc.com/product-detail/C728556.html
C60490,RC0402FR-0710KL,10K 1% 0402,RC0402FR-0710KL,,2,YAGEO,100,0.0059,0.59,0402,100,100,10000,62.5mW 10k? 50V Thick Film Resistor ±100ppm/? ±1% 0402 Chip Resistor - Surface Mount RoHS,https://www.lcsc.com/product-detail/C60490.html
C106234,RC0402JR-07100KL,100K 0402 5%,RC0402JR-07100KL,,2,YAGEO,100,0.0028,0.28,0402,100,100,10000,100k? ±5% 62.5mW 0402 Thick Film Resistor,https://www.lcsc.com/product-detail/C106234.html
C93945,RC0402FR-07120KL,120K 50V ±1% 0402,RC0402FR-07120KL,,2,YAGEO,100,0.0055,0.55,0402,100,100,10000,62.5mW 120k? 50V Thick Film Resistor ±100ppm/? ±1% 0402 Chip Resistor - Surface Mount RoHS,https://www.lcsc.com/product-detail/C93945.html
C106235,RC0402FR-071KL,1K 0402 1%,RC0402FR-071KL,,2,YAGEO,100,0.0062,0.62,0402,100,100,10000,1k? 62.5mW 50V Thick Film Resistor ±100ppm/? ±1% 0402 Chip Resistor - Surface Mount RoHS,https://www.lcsc.com/product-detail/C106235.html
C60490,RC0402FR-0710KL,10K 0402 DNP,RC0402FR-0710KL,,2,YAGEO,100,0.0059,0.59,0402,100,100,10000,62.5mW 10k? 50V Thick Film Resistor ±100ppm/? ±1% 0402 Chip Resistor - Surface Mount RoHS,https://www.lcsc.com/product-detail/C60490.html
C60485,RC0402JR-070RL,0R 0402 DNP,RC0402JR-070RL,,2,YAGEO,100,0.0049,0.49,0402,100,100,10000,0? 62.5mW 50V Thick Film Resistor ±5% 0402 Chip Resistor - Surface Mount RoHS,https://www.lcsc.com/product-detail/C60485.html
C482112,CRCW0402249RFKED,249R 0402,CRCW0402249RFKED,,2,VISHAY,100,0.0070,0.70,0402,100,100,10000,249? 62.5mW 50V Thick Film Resistor ±1% ±100ppm/? 0402 Chip Resistor - Surface Mount RoHS,https://www.lcsc.com/product-detail/C482112.html
C138139,RC0201FR-0747KL,47K 0201 1% - DNP,RC0201FR-0747KL,,1,YAGEO,100,0.0030,0.30,0201,100,100,10000,50mW 47k? 25V Thick Film Resistor ±1% ±200ppm/? 0201 Chip Resistor - Surface Mount RoHS,https://www.lcsc.com/product-detail/C138139.html
C482107,CRCW040222R0JNED,22R 0402 5%,CRCW040222R0JNED,,1,VISHAY,100,0.0063,0.63,0402,100,100,10000,22? 62.5mW 50V Thick Film Resistor ±5% ±200ppm/? 0402 Chip Resistor - Surface Mount RoHS,https://www.lcsc.com/product-detail/C482107.html
C137961,RC0402FR-07510KL,510K 1% 0402,RC0402FR-07510KL,,1,YAGEO,100,0.0044,0.44,0402,100,100,10000,510k? 62.5mW 50V Thick Film Resistor ±100ppm/? ±1% 0402 Chip Resistor - Surface Mount RoHS,https://www.lcsc.com/product-detail/C137961.html
C105637,RC0402JR-071KL,1K 0402 5%,RC0402JR-071KL,,1,YAGEO,100,0.0052,0.52,0402,100,100,10000,1k? ±5% 62.5mW 0402 Thick Film Resistor,https://www.lcsc.com/product-detail/C105637.html
C137902,RC0402JR-0720KL,20K 0402 5%,RC0402JR-0720KL,,1,YAGEO,100,0.0036,0.36,0402,100,100,10000,20k? 62.5mW 50V Thick Film Resistor ±100ppm/? ±5% 0402 Chip Resistor - Surface Mount RoHS,https://www.lcsc.com/product-detail/C137902.html
C137891,RC0402JR-0727KL,27K 0402,RC0402JR-0727KL,,1,YAGEO,100,0.0025,0.25,0402,100,100,10000,27k? 62.5mW 50V Thick Film Resistor ±100ppm/? ±5% 0402 Chip Resistor - Surface Mount RoHS,https://www.lcsc.com/product-detail/C137891.html
C60485,RC0402JR-070RL,0R 0402 5%,RC0402JR-070RL,,1,YAGEO,100,0.0049,0.49,0402,100,100,10000,0? 62.5mW 50V Thick Film Resistor ±5% 0402 Chip Resistor - Surface Mount RoHS,https://www.lcsc.com/product-detail/C60485.html
C138066,RC0402FR-0710RL,10? 0402 50V,RC0402FR-0710RL,,1,YAGEO,100,0.0059,0.59,0402,100,100,10000,10? 62.5mW 50V Thick Film Resistor ±1% ±200ppm/? 0402 Chip Resistor - Surface Mount RoHS,https://www.lcsc.com/product-detail/C138066.html
C105872,RC0402FR-075K1L,5.1K 0402 50V,RC0402FR-075K1L,,1,YAGEO,100,0.0054,0.54,0402,100,100,10000,5.1k? 62.5mW 50V Thick Film Resistor ±100ppm/? ±1% 0402 Chip Resistor - Surface Mount RoHS,https://www.lcsc.com/product-detail/C105872.html
C137969,RC0402FR-0749K9L,49.9 0402 50V,RC0402FR-0749K9L,,1,YAGEO,100,0.0056,0.56,0402,100,100,10000,62.5mW 49.9k? 50V Thick Film Resistor ±100ppm/? ±1% 0402 Chip Resistor - Surface Mount RoHS,https://www.lcsc.com/product-detail/C137969.html
C54831,0402WGF1402TCE,12K +-1% 0402,0402WGF1402TCE,,1,UNI-ROYAL,100,0.0039,0.39,0402,100,100,10000,14k? ±1% 62.5mW 0402 Thick Film Resistor,https://www.lcsc.com/product-detail/C54831.html
C137947,RC0402FR-0768KL,68K 0402 1%,RC0402FR-0768KL,,1,YAGEO,100,0.0046,0.46,0402,100,100,10000,68k? 62.5mW 50V Thick Film Resistor ±100ppm/? ±1% 0402 Chip Resistor - Surface Mount RoHS,https://www.lcsc.com/product-detail/C137947.html
C130276,RC0402FR-0733K2L,33.2K 0402,RC0402FR-0733K2L,,1,YAGEO,100,0.0014,0.14,0402,100,100,10000,62.5mW 33.2k? 50V Thick Film Resistor ±100ppm/? ±1% 0402 Chip Resistor - Surface Mount RoHS,https://www.lcsc.com/product-detail/C130276.html
C114760,RC0402FR-0712KL,12K 0402 1%,RC0402FR-0712KL,,1,YAGEO,100,0.0053,0.53,0402,100,100,10000,12k? 62.5mW 50V Thick Film Resistor ±100ppm/? ±1% 0402 Chip Resistor - Surface Mount RoHS,https://www.lcsc.com/product-detail/C114760.html
C137987,RC0402FR-073KL,3K 0402,RC0402FR-073KL,,1,YAGEO,100,0.0052,0.52,0402,100,100,10000,62.5mW 3k? 50V Thick Film Resistor ±100ppm/? ±1% 0402 Chip Resistor - Surface Mount RoHS,https://www.lcsc.com/product-detail/C137987.html
C93940,RC0402FR-076K8L,6.8K 0402,RC0402FR-076K8L,,1,YAGEO,100,0.0054,0.54,0402,100,100,10000,62.5mW 6.8k? 50V Thick Film Resistor ±100ppm/? ±1% 0402 Chip Resistor - Surface Mount RoHS,https://www.lcsc.com/product-detail/C93940.html
C2100703,AF0402FR-07511KL,511K 0402 1%,AF0402FR-07511KL,,1,YAGEO,100,0.0047,0.47,0402,100,100,10000,511k? 62.5mW 50V Thick Film Resistor ±100ppm/? ±1% 0402 Chip Resistor - Surface Mount RoHS,https://www.lcsc.com/product-detail/C2100703.html
C2984407,ARG02BTC1053,105K 0402 0.1%,ARG02BTC1053,,1,Viking,50,0.0197,0.99,0402,50,50,10000,105k? ±0.1% 62.5mW 0402 Thin Film Resistor,https://www.lcsc.com/product-detail/C2984407.html
C155745,RC0201FR-07240RL,240R 1% 0201,RC0201FR-07240RL,,1,YAGEO,100,0.0023,0.23,0201,100,100,10000,50mW 240? 25V Thick Film Resistor ±1% ±200ppm/? 0201 Chip Resistor - Surface Mount RoHS,https://www.lcsc.com/product-detail/C155745.html
C93942,RC0402FR-0720KL,20K 0402 1%,RC0402FR-0720KL,,1,YAGEO,100,0.0032,0.32,0402,100,100,10000,20k? 62.5mW 50V Thick Film Resistor ±100ppm/? ±1% 0402 Chip Resistor - Surface Mount RoHS,https://www.lcsc.com/product-detail/C93942.html
C114760,RC0402FR-0712KL,12K 0402,RC0402FR-0712KL,,1,YAGEO,100,0.0053,0.53,0402,100,100,10000,12k? 62.5mW 50V Thick Film Resistor ±100ppm/? ±1% 0402 Chip Resistor - Surface Mount RoHS,https://www.lcsc.com/product-detail/C114760.html
C138139,RC0201FR-0747KL,47K 0402,RC0201FR-0747KL,,1,YAGEO,100,0.0030,0.30,0201,100,100,10000,50mW 47k? 25V Thick Film Resistor ±1% ±200ppm/? 0201 Chip Resistor - Surface Mount RoHS,https://www.lcsc.com/product-detail/C138139.html
C2974012,FRC0402F1693TS,169K 0402,FRC0402F1693TS,,1,FOJAN,100,0.0018,0.18,0402,100,100,10000,169k? ±1% 62.5mW 0402 Thick Film Resistor,https://www.lcsc.com/product-detail/C2974012.html
C861351,RT0603BRD0736K1L,36.1k 0603,RT0603BRD0736K1L,,1,YAGEO,20,0.0319,0.64,0603,20,20,5000,36.1k? 100mW 75V Thin Film Resistor ±25ppm/? ±0.1% 0603 Chip Resistor - Surface Mount RoHS,https://www.lcsc.com/product-detail/C861351.html
C138163,RC0201FR-07200KL,200K 1%,RC0201FR-07200KL,,1,YAGEO,100,0.0035,0.35,0201,100,100,10000,50mW 200k? 25V Thick Film Resistor ±1% ±200ppm/? 0201 Chip Resistor - Surface Mount RoHS,https://www.lcsc.com/product-detail/C138163.html
C138010,RC0402FR-07300RL,300? 1% 0402,RC0402FR-07300RL,,1,YAGEO,100,0.0051,0.51,0402,100,100,10000,62.5mW 300? 50V Thick Film Resistor ±100ppm/? ±1% 0402 Chip Resistor - Surface Mount RoHS,https://www.lcsc.com/product-detail/C138010.html
C138033,RC0402FR-071ML,1M? 1% 0402,RC0402FR-071ML,,1,YAGEO,100,0.0055,0.55,0402,100,100,10000,62.5mW 1M? 50V Thick Film Resistor ±100ppm/? ±1% 0402 Chip Resistor - Surface Mount RoHS,https://www.lcsc.com/product-detail/C138033.html
C114761,RC0402FR-0715KL,15K 0402 1%,RC0402FR-0715KL,,1,YAGEO,100,0.0037,0.37,0402,100,100,10000,15k? 62.5mW 50V Thick Film Resistor ±100ppm/? ±1% 0402 Chip Resistor - Surface Mount RoHS,https://www.lcsc.com/product-detail/C114761.html
C145071,RC0402FR-072K49L,2.49K 0402 %,RC0402FR-072K49L,,1,YAGEO,100,0.0014,0.14,0402,100,100,10000,2.49k? ±1% 62.5mW 0402 Thick Film Resistor,https://www.lcsc.com/product-detail/C145071.html
C93942,RC0402FR-0720KL,20K 1% 0402,RC0402FR-0720KL,,1,YAGEO,100,0.0032,0.32,0402,100,100,10000,20k? 62.5mW 50V Thick Film Resistor ±100ppm/? ±1% 0402 Chip Resistor - Surface Mount RoHS,https://www.lcsc.com/product-detail/C93942.html
C852795,RT0402BRD0745K3L,45.3K 50V 0402 1%,RT0402BRD0745K3L,,1,YAGEO,50,0.0259,1.30,0402,50,50,10000,45.3k? 63mW 50V Thin Film Resistor ±25ppm/? ±0.1% 0402 Chip Resistor - Surface Mount RoHS,https://www.lcsc.com/product-detail/C852795.html
C60490,RC0402FR-0710KL,10K 50V 1% 0402,RC0402FR-0710KL,,1,YAGEO,100,0.0059,0.59,0402,100,100,10000,62.5mW 10k? 50V Thick Film Resistor ±100ppm/? ±1% 0402 Chip Resistor - Surface Mount RoHS,https://www.lcsc.com/product-detail/C60490.html
C850915,AT0402BRD0726K1L,26.1K,AT0402BRD0726K1L,,1,YAGEO,10,0.0666,0.67,0402,10,10,10000,26.1k? ±0.1% 62.5mW 0402 Thin Film Resistor AEC-Q200,https://www.lcsc.com/product-detail/C850915.html
C852656,RT0402BRD0723K7L,23.7K 0402,RT0402BRD0723K7L,,1,YAGEO,50,0.0258,1.29,0402,50,50,10000,62.5mW 23.7k? 50V Thin Film Resistor ±25ppm/? ±0.1% 0402 Chip Resistor - Surface Mount RoHS,https://www.lcsc.com/product-detail/C852656.html
C130276,RC0402FR-0733K2L,33.2K 1% 0402,RC0402FR-0733K2L,,1,YAGEO,100,0.0014,0.14,0402,100,100,10000,62.5mW 33.2k? 50V Thick Film Resistor ±100ppm/? ±1% 0402 Chip Resistor - Surface Mount RoHS,https://www.lcsc.com/product-detail/C130276.html
C93945,RC0402FR-07120KL,120K 0402,RC0402FR-07120KL,,1,YAGEO,100,0.0055,0.55,0402,100,100,10000,62.5mW 120k? 50V Thick Film Resistor ±100ppm/? ±1% 0402 Chip Resistor - Surface Mount RoHS,https://www.lcsc.com/product-detail/C93945.html
C60491,RC0402FR-07100KL,100K 50V 0402,RC0402FR-07100KL,,1,YAGEO,100,0.0062,0.62,0402,100,100,10000,100k? 62.5mW 50V Thick Film Resistor ±100ppm/? ±1% 0402 Chip Resistor - Surface Mount RoHS,https://www.lcsc.com/product-detail/C60491.html
C93945,RC0402FR-07120KL,120K 50V 0402,RC0402FR-07120KL,,1,YAGEO,100,0.0055,0.55,0402,100,100,10000,62.5mW 120k? 50V Thick Film Resistor ±100ppm/? ±1% 0402 Chip Resistor - Surface Mount RoHS,https://www.lcsc.com/product-detail/C93945.html
C93929,RC0402JR-0722RL,22R 0402,RC0402JR-0722RL,,1,YAGEO,100,0.0011,0.11,0402,100,100,10000,22? 62.5mW 50V Thick Film Resistor ±100ppm/? ±5% 0402 Chip Resistor - Surface Mount RoHS,https://www.lcsc.com/product-detail/C93929.html
C138139,RC0201FR-0747KL,47K 0201,RC0201FR-0747KL,,1,YAGEO,100,0.0030,0.30,0201,100,100,10000,50mW 47k? 25V Thick Film Resistor ±1% ±200ppm/? 0201 Chip Resistor - Surface Mount RoHS,https://www.lcsc.com/product-detail/C138139.html
C276273,RC0402FR-07510RL,510R 1% 0402,RC0402FR-07510RL,,1,YAGEO,100,0.0056,0.56,0402,100,100,10000,62.5mW 510? 50V Thick Film Resistor ±100ppm/? ±1% 0402 Chip Resistor - Surface Mount RoHS,https://www.lcsc.com/product-detail/C276273.html
C7588889,MTC201208-R47MT,0.47uH,MTC201208-R47MT,,6,Ceaiya,10,0.0623,0.62,0805,10,10,3000,3.8A 470nH ±20% 4.8A 37m? Molded Inductor 0805 Fixed Inductors RoHS,https://www.lcsc.com/product-detail/C7588889.html
C47327420,APS252012MR22F,0.22uH,APS252012MR22F,,4,Coilank,20,0.0275,0.55,1008,20,20,3000,8.6A 220nH ±20% 14m? 10A 1008 Fixed Inductors RoHS,https://www.lcsc.com/product-detail/C47327420.html
C5832378,FTC322512SR22MBCA,0.22uF,FTC322512SR22MBCA,,3,cjiang,5,0.2317,1.16,1210,5,5,3000,9.2A 220nH ±20% 6.6m? 11.5A 1210 Fixed Inductors RoHS,https://www.lcsc.com/product-detail/C5832378.html
C39676082,FTC404030S3R3MGCA,FTC404030S3R3MGCA,FTC404030S3R3MGCA,,2,cjiang,5,0.2586,1.29,"SMD,4.1x4.1mm",5,5,2000,"5.3A 3.3uH ±20% 8.5A 35m? SMD,4.1x4.1mm Fixed Inductors RoHS",https://www.lcsc.com/product-detail/C39676082.html
C88984,BLM18PG330SN1D,33? 100MHz 0603 3A,BLM18PG330SN1D,,1,muRata,50,0.0250,1.25,0603,50,50,4000,33?@100MHz 1 Line Ferrite Bead 0603 3A 25m?,https://www.lcsc.com/product-detail/C88984.html
C7423318,FTC303020D2R2MBCA,2.2uH,FTC303020D2R2MBCA,,1,cjiang,5,0.4068,2.03,"SMD,3x3mm",5,5,3000,"4.7A 2.2uH ±20% 6A 37m? SMD,3x3mm Fixed Inductors RoHS",https://www.lcsc.com/product-detail/C7423318.html
C85831,BLM18KG121TN1D,BLM18KG121TN1D,BLM18KG121TN1D,,1,muRata,50,0.0233,1.17,0603,50,50,4000,120?@100MHz 1 Line Ferrite Bead 0603 3A 30m?,https://www.lcsc.com/product-detail/C85831.html
C239773,ESD5341N-2/TR,ESD5341N-2_TR,ESD5341N-2_TR,,2,WILLSEMI,20,0.0382,0.76,DFN1006-2L,20,20,10000,15VC Clamp 4A@8/20us Ipp TVS DIODE DFN1006-2L,https://www.lcsc.com/product-detail/C239773.html
C153722,ESD5304D-10/TR,ESD5304D-10_TR,ESD5304D-10_TR,,2,WILLSEMI,10,0.0725,0.73,DFN2510-10L,10,10,3000,12VC Clamp 4A@8/20us Ipp TVS DIODE DFN2510-10L,https://www.lcsc.com/product-detail/C153722.html
C916992,B5819WS,B5819WS,B5819WS_C916992,,2,JSMSEMI,50,0.0141,0.71,SOD-323,50,50,3000,Diode Independent 40V 1A Surface Mount SOD-323,https://www.lcsc.com/product-detail/C916992.html
C239604,ESD5451N-2/TR,ESD5451N-2_TR,ESD5451N-2_TR,,2,WILLSEMI,50,0.0145,0.73,DFN1006-2L,50,50,10000,10VC Clamp 8A@8/20us Ipp TVS DIODE DFN1006-2L,https://www.lcsc.com/product-detail/C239604.html
C916992,B5819WS,B5819WS_C916992,B5819WS_C916992,,2,JSMSEMI,50,0.0141,0.71,SOD-323,50,50,3000,Diode Independent 40V 1A Surface Mount SOD-323,https://www.lcsc.com/product-detail/C916992.html
C3020456,GRM188R60J226KEA0D,22uF 6.3V 0603,GRM188R60J226KEA0D,,21,muRata,40,0.0488,1.95,0603,20,20,4000,22uF ±10% 6.3V Ceramic Capacitor X5R 0603,https://www.lcsc.com/product-detail/C3020456.html
C5156489,RK860-2,RK860-2,RK860-2,,2,Rockchip,2,1.0102,2.02,WLCSP-20,1,1,5000,Buck Switching Regulator IC 0.5V~1.5V 1 Output 7A WLCSP-20,https://www.lcsc.com/product-detail/C5156489.html
C116592,TPS563201DDCR,TPS563201DDCR,TPS563201DDCR,,2,TI,10,0.0740,0.74,SOT-23-THIN-6,10,10,3000,580kHz Step-down type Adjustable 768mV~7V 3A SOT-23-THIN-6 Voltage Regulators - DC DC Switching Regulators RoHS,https://www.lcsc.com/product-detail/C116592.html
C5378561,FEXL0730A-3R3M,FEXL0730A-3R3M,FEXL0730A-3R3M,,2,cjiang,2,1.6625,3.33,"SMD,7.8x7.6mm",1,1,1500,"10A 3.3uH ±20% 15A 18m? SMD,7.8x7.6mm Fixed Inductors RoHS",https://www.lcsc.com/product-detail/C5378561.html
-,,RK3588,BGA1088C65P34X34_2300X2300X204N,,1,Rockchip,1,-,-,BGA-1088,1,1,60,BGA-1088 Microcontrollers RoHS,https://www.lcsc.com/product-detail/C5156490.html
C783414,RS0102YH8,RS0102YH8,RS0102YH8,,1,RUNIC,5,0.3125,1.56,SOT-23-8,5,5,3000,"24Mbps 1 2 SOT-23-8 Translators, Level Shifters RoHS",https://www.lcsc.com/product-detail/C783414.html
C2878936,TPS259804ONRGER,TPS259804ONRGER,TPS259804ONRGER,,1,TI,1,2.6352,2.64,VQFN-24-EP(4x4),1,1,3000,Surge Protection IC 2.7V~24V Surface Mount VQFN-24-EP(4x4),https://www.lcsc.com/product-detail/C2878936.html
C3013605,RTL8125BG-CG,RTL8125BG-CG,RTL8125BG-CG,,1,REALTEK,1,4.6371,4.64,QFN-48-EP(6x6),1,1,490,"QFN-48-EP(6x6) Drivers, Receivers, Transceivers RoHS",https://www.lcsc.com/product-detail/C3013605.html
C7471904,,HUSB238_xxxDD,WDFN-10-1EP_3x3mm_P0.5mm_EP1.8x2.5mm,,1,-,1,-,-,-,1,1,,,https://www.lcsc.com/product-detail/C7471904.html
C2803245,KLMBG2JETD-B041,KLMBG2JETD-B041,KLMBG2JETD-B041,,1,SAMSUNG,1,48.1814,48.18,FBGA-153,1,1,112,32GB eMMC 5.1 FBGA-153 Memory RoHS,https://www.lcsc.com/product-detail/C2803245.html
C2912103,H9HCNNN8KUMLHR-NME,H9HCNNN8KUMLHR-NME,H9HCNNN8KUMLHR-NME,,1,HYNIX,1,24.8291,24.83,BGA-200(10x15),1,1,240,8Gbit 3.733GHz LPDDR4 SDRAM BGA-200(10x15) Memory RoHS,https://www.lcsc.com/product-detail/C2912103.html
C841386,TPS56637RPAR,TPS56637RPAR,TPS56637RPAR,,1,TI,1,2.5308,2.53,VQFN-10-HR(3x3),1,1,3000,Buck Switching Regulator IC Adjustable 0.6V~13V 1 Output 6A VQFN-10-HR(3x3),https://www.lcsc.com/product-detail/C841386.html
C55266,TPS2553DBVR,TPS2553DBVR,TPS2553DBVR,,1,TI,5,0.3927,1.96,SOT-23-6,5,5,3000,"1 Active High 1.5A High Side Switch SOT-23-6 Power Distribution Switches, Load Drivers RoHS",https://www.lcsc.com/product-detail/C55266.html
-,RK806-1,RK806-1,QFN35P700X700X90-69N,,1,Rockchip,1,4.4364,4.44,QFN-68(7x7),1,1,1000,0.5V~3.4V QFN-68(7x7) Power Management - Specialized RoHS,https://www.lcsc.com/product-detail/C5156483.html
C512369,RCLAMP0512TQTCT,RCLAMP0512TQTCT,RCLAMP0512TQTCT,,1,SEMTECH,1,0.4533,0.45,"SMD-3P,1x0.6mm",1,1,3000,8.5VC Clamp ESD DIODE 0402,https://www.lcsc.com/product-detail/C512369.html
C852832,RT0402BRD0752K3L,52.3K 0402,RT0402BRD0752K3L,,1,YAGEO,50,0.0259,1.30,0402,50,50,10000,62.5mW 52.3k? 50V Thin Film Resistor ±25ppm/? ±0.1% 0402 Chip Resistor - Surface Mount RoHS,https://www.lcsc.com/product-detail/C852832.html
C22392669,TPS56A37RPAR,TPS56A37RPAR,TPS56A37RPAR,,1,TI,1,2.0278,2.03,VQFN-HR-10(3x3),1,1,3000,Buck Switching Regulator IC Adjustable 0.6V~13V 1 Output 10A VQFN-HR-10(3x3),https://www.lcsc.com/product-detail/C22392669.html
C699888,SGM2576YN5G/TR,SGM2576YN5G_TR,SGM2576YN5G_TR,,1,SGMICRO,1,0.4069,0.41,SOT-23-5,1,1,3000,"1 2.5A Active High Load Switch SOT-23-5 Power Distribution Switches, Load Drivers RoHS",https://www.lcsc.com/product-detail/C699888.html
C78988,SY8089AAAC,SY8089AAAC,SY8089AAAC,,1,Silergy,5,0.1510,0.76,SOT-23-5,5,5,3000,1MHz Step-down type Adjustable 2A SOT-23-5 Voltage Regulators - DC DC Switching Regulators RoHS,https://www.lcsc.com/product-detail/C78988.html
C5156487,RK860-3,RK860-3,RK860-3,,1,Rockchip,1,0.9138,0.91,WLCSP-20,1,1,5000,Buck Switching Regulator IC Adjustable 0.5V~1.5V 1 Output 7A WLCSP-20,https://www.lcsc.com/product-detail/C5156487.html
C155754,HYM8563S,HYM8563S,HYM8563S,,1,Haoyu Microelectronics,0,-,-,MSOP-8,1,1,3000,Built-in Yes MSOP-8 Real Time Clocks RoHS,https://www.lcsc.com/product-detail/C155754.html
C5362614,W25Q256JWPIQ,W25Q256JWPIQ,W25Q256JWPIQ,,1,Winbond,1,7.3170,7.32,WSON-8(5x6),1,1,5000,FLASH - NOR Memory IC 256Mbit SPI 133MHz WSON-8(5x6),https://www.lcsc.com/product-detail/C5362614.html
C2965580,XL7EL89CKI-111YLC-24M,XL7EL89CKI-111YLC-24M,XL7EL89CKI-111YLC-24M,,1,YXC Crystal Oscillators,5,0.0817,0.41,SMD2016-4P,5,5,3000,Crystal 24MHz ±10ppm 8pF SMD2016-4P,https://www.lcsc.com/product-detail/C2965580.html
C97606,SC-32S32.768kHz20PPM12.5pF,32.768kHz 12.5pF,SC-32S32_768kHz20PPM12_5pF,,1,Seiko,5,0.2206,1.10,SMD3215-2P,5,5,3000,Crystal 32.768kHz ±20ppm 12.5pF SMD3215-2P,https://www.lcsc.com/product-detail/C97606.html
C5444544,XL2EL89COI-111YLC-25M,XL2EL89COI-111YLC-25M,XL2EL89COI-111YLC-25M,,1,YXC Crystal Oscillators,5,0.0743,0.37,SMD3225-4P,5,5,3000,Crystal 25MHz ±10ppm 12pF SMD3225-4P,https://www.lcsc.com/product-detail/C5444544.html
C393942,TS24CA,TS24CA,TS24CA,,5,SHOU HAN,20,0.0240,0.48,"SMD,4.6x1.8mm",20,20,3000,"Tactile Switch SPST 3.5mm 4.55mm x 1.8mm Surface Mount, Right Angle",https://www.lcsc.com/product-detail/C393942.html
C158014,B2B-XH-2(LF)(SN),B2B-XH-2_LF_SN,B2B-XH-2_LF_SN,,1,JST,5,0.0876,0.44,"Through Hole,P=2.5mm",5,5,1000,Connector Header 2 position 2.5mm Pitch 3A Through Hole -25?~+85?,https://www.lcsc.com/product-detail/C158014.html
C2977809,2199230-4,2199230-4_C2977809,2199230-4_C2977809,,1,TE Connectivity,1,1.9969,2.00,"SMD,P=0.5mm,Surface Mount,Right Angle",1,1,1000,"67 Position 0.5mm Pitch Gold Surface Mount, Right Angle",https://www.lcsc.com/product-detail/C2977809.html
C7425334,HDMI-GD-121PWB,HDMI-GD-121PWB,HDMI-GD-121PWB,,1,HDGC,1,0.6957,0.70,Through Hole,1,1,1000,"HDMI-D Receptacle Connector 19 Position Through Hole, Right Angle",https://www.lcsc.com/product-detail/C7425334.html
C167139,WPM3407-3/TR,WPM3407-3_TR,WPM3407-3_TR,,1,WILLSEMI,5,0.1281,0.64,SOT-23,5,5,3000,P-Channel 30V 4.4A 1.4W Surface Mount SOT-23,https://www.lcsc.com/product-detail/C167139.html
C113315,2SK3018T106,2SK3018T106,2SK3018T106,,1,ROHM,10,0.0569,0.57,SOT-323,10,10,3000,N-Channel 30V 100mA 200mW Surface Mount SOT-323,https://www.lcsc.com/product-detail/C113315.html
C18221467,S8050-J3Y,S8050-J3Y,S8050-J3Y_C18221467,,1,JSMSEMI,50,0.0095,0.48,SOT-23,50,50,3000,Bipolar (BJT) Transistor NPN 25V 300mA 150MHz 300mW Surface Mount SOT-23,https://www.lcsc.com/product-detail/C18221467.html
C18221467,S8050-J3Y,S8050-J3Y_C18221467,S8050-J3Y_C18221467,,1,JSMSEMI,50,0.0095,0.48,SOT-23,50,50,3000,Bipolar (BJT) Transistor NPN 25V 300mA 150MHz 300mW Surface Mount SOT-23,https://www.lcsc.com/product-detail/C18221467.html
C16072,AO4407A,AO4407A,AO4407A,,1,AOS,5,0.2726,1.36,SOIC-8,5,5,3000,P-Channel 30V 12A 3.1W Surface Mount SOIC-8,https://www.lcsc.com/product-detail/C16072.html
C5342434,HC-TYPE-C-16P-FL6.65Q-5A-06,HC-TYPE-C-16P-FL6_65Q-5A-06,HC-TYPE-C-16P-FL6_65Q-5A-06,,1,HCTL,1,0.7683,0.77,Through Hole,1,1,350,"USB-C (USB TYPE-C) Receptacle Connector 16 Position Vertical, Flag",https://www.lcsc.com/product-detail/C5342434.html
C129018,TYPE-C-31-M-04,TYPE-C-31-M-04,TYPE-C-31-M-04,,1,Korean Hroparts Elec,1,0.6420,0.64,SMD,1,1,1000,USB-C (USB TYPE-C) Receptacle Connector 24 Position Through Hole,https://www.lcsc.com/product-detail/C129018.html
-,,JT4-1108HL,PULSE_JT4-1108HL,,1,PULSE,1,4.4352,4.44,"Through Hole,Right Angle",1,1,50,"Jack Modular Connector RJ45 Through Hole, Right Angle Shielded",https://www.lcsc.com/product-detail/C455440.html
